[
  {
    "id": "jdnlaw@innovatelaw.kr",
    "firm": "",
    "name": "이정도 변호사",
    "email": "jdnlaw@innovatelaw.kr",
    "phone": "010-0000-0000",
    "career": "",
    "gender": "unknown",
    "is_mock": false,
    "bestCase": {
      "title": "등록 대기 중",
      "summary": "아직 등록된 사례가 없습니다."
    },
    "homepage": "https://lawfirm-0.com",
    "imageUrl": "/static/images/default_avatar.png",
    "kakao_id": "lawyer_476",
    "location": "서울 (등록 대기)",
    "password": "dsf213(^",
    "verified": false,
    "education": "",
    "expertise": [
      "일반"
    ],
    "licenseId": "000000",
    "careerTags": [
      "신규"
    ],
    "matchScore": 0,
    "content_items": [],
    "bgRemoveStatus": "pending",
    "cutoutImageUrl": "/static/images/default_avatar.png",
    "content_highlights": "인증 심사 중",
    "cases": [
      {
        "title": "HUG 보증 이행 청구",
        "summary": "보증 사고 요건 충족 입증하여 주택도시보증공사 상대 이행 청구 승소"
      },
      {
        "title": "신탁 부동산 사기 구제",
        "summary": "신탁 원부 미확인 등 과실 비율 다툼 끝에 보증금 일부 회수"
      },
      {
        "title": "신탁 부동산 사기 구제",
        "summary": "신탁 원부 미확인 등 과실 비율 다툼 끝에 보증금 일부 회수"
      }
    ]
  },
  {
    "id": "seungil.seog@solugenlegal.com",
    "firm": "솔루젠리걸",
    "name": "석승일 변호사",
    "email": "seungil.seog@solugenlegal.com",
    "phone": "010-0000-0000",
    "career": "",
    "gender": "unknown",
    "is_mock": false,
    "bestCase": {
      "title": "등록 대기 중",
      "summary": "아직 등록된 사례가 없습니다."
    },
    "homepage": "https://lawfirm-1.com",
    "imageUrl": "/static/images/default_avatar.png",
    "kakao_id": "lawyer_732",
    "location": "서울 (등록 대기)",
    "password": "1q2w3e4raA!",
    "verified": false,
    "education": "",
    "expertise": [
      "일반"
    ],
    "licenseId": "000000",
    "careerTags": [
      "신규"
    ],
    "matchScore": 0,
    "content_items": [],
    "bgRemoveStatus": "pending",
    "cutoutImageUrl": "/static/images/default_avatar.png",
    "content_highlights": "인증 심사 중",
    "cases": [
      {
        "title": "공유물 분할 청구",
        "summary": "협의되지 않는 공유 토지에 대해 경매 분할 판결 이끌어냄"
      },
      {
        "title": "공사 대금 청구",
        "summary": "추가 공사 사실 입증하여 미지급 공사 대금 전액 승소"
      },
      {
        "title": "부당이득 반환",
        "summary": "법률상 원인 없는 이득임을 밝혀 부당이득금 반환 판결"
      }
    ]
  },
  {
    "id": "welder49264@naver.com",
    "firm": "법무법인 맥디",
    "name": "김원영",
    "cases": [
      {
        "title": "유류분 반환 청구",
        "summary": "증여 재산 산정하여 침해된 유류분 반환 승소"
      },
      {
        "title": "사해행위 취소 소송",
        "summary": "채무자의 재산 빼돌리기 입증하여 증여 계약 취소 및 원상 회복"
      },
      {
        "title": "계약금 반환 소송",
        "summary": "상대방의 이행 지체로 인한 계약 해제 및 계약금 배액 배상"
      }
    ],
    "email": "welder49264@naver.com",
    "phone": "01089353010",
    "career": "변호사 자격증 번호: 880220",
    "gender": "unknown",
    "is_mock": false,
    "bestCase": {
      "title": "등록 대기 중",
      "summary": "아직 등록된 사례가 없습니다."
    },
    "homepage": "https://lawfirm-100.com",
    "imageUrl": "https://sixchyuqlzehikergqep.supabase.co/storage/v1/object/public/photos/welder49264@naver.com_asdfaf.png",
    "kakao_id": "lawyer_731",
    "location": "서울",
    "password": "11077544Kk!",
    "verified": true,
    "education": "",
    "expertise": [
      "일반"
    ],
    "licenseId": "880220",
    "careerTags": [
      "신규"
    ],
    "matchScore": 50,
    "content_items": [
      {
        "id": "c2d66566-392b-4e79-8615-fd2ca8ff7f25",
        "seo": {
          "schema": {
            "@type": "Article",
            "image": [],
            "author": {
              "name": "김원영",
              "@type": "Person"
            },
            "@context": "https://schema.org",
            "headline": "국가배상, 공무원 실수도 배상받은 실제 성공 사례",
            "datePublished": "2026-02-23"
          },
          "purpose": "",
          "target_keyword": "국가배상"
        },
        "date": "2026-02-23",
        "slug": "국가배상,-공무원-실수도-배상받은-실제-성공-사례",
        "tags": [
          "국가배상"
        ],
        "type": "column",
        "title": "국가배상, 공무원 실수도 배상받은 실제 성공 사례",
        "content": "## 들어가며\n\n어느 날 아침, 그저 평범하게 가게 문을 열려 했다가 갑작스러운 영업정지 통지서나 세금 체납 압류 문자를 받는 상황이 닥친다면 어떨까요? 한 번도 체납한 적이 없었는데, 혹은 분명히 문제 될 행동을 하지 않았는데도 국가의 행정착오로 인해 경제적·정신적 피해를 입게 되면 누구라도 분노와 억울함을 느끼게 마련입니다. 그럼에도 “공무원이 실수했다고 사과했으니, 그냥 넘어가야지” 하고 포기하는 경우가 많습니다. 하지만 국가가 잘못을 저질렀다면 그에 대한 책임을 공식적으로 물을 수 있는 길이 열려 있습니다. 바로 국가배상청구 소송입니다.\n\n\n\n![관련 삽화](/static/images/blog/blog_679cbfa4e573.png)\n\n\n\n## 변호사의 철학\n\n저는 ‘법은 국민을 보호하기 위해 존재한다’라는 신념을 갖고 있습니다. 공무원의 직무상 과실이 개인의 삶과 생계를 흔들어 놓았음에도, “어쩔 수 없었다”는 말로 넘어가는 사례를 너무도 많이 봐왔습니다. 국가가 무너뜨린 일상은, 말 한마디의 사과나 서류 한 장의 해제 처분만으로 쉽게 복구되지 않습니다. 오히려 그로 인해 신용등급이 떨어지고, 거래처와의 계약이 파기되거나 정상적인 가정생활이 어려워지는 등 2차적·3차적 피해가 걷잡을 수 없이 커지기도 합니다.\n\n그렇기에 행정착오에 대한 배상청구가 어려울 것이라 지레 겁먹고 포기하기보다는, 올바른 증거 수집과 주장을 통해 정당한 보상을 요청하실 수 있도록 도움을 드리는 것이 변호사로서 제가 추구하는 길입니다. “계란으로 바위 치기”처럼 보이더라도, 진실을 밝히고 책임을 묻는 작은 흔적들이 법과 제도를 점차 개선해 나간다고 믿습니다.\n\n## 해결 과정: 국가배상청구의 핵심\n\n국가배상청구는 국가배상법 제2조를 근거로, 공무원의 고의 또는 과실에 의해 발생한 불법행위로 손해를 입었을 때 국가나 지방자치단체를 상대로 그 손해를 배상받기 위한 제도입니다. 실제 소송 과정에서는 크게 두 가지가 쟁점이 됩니다. 첫째, 해당 공무원에게 ‘과실’이 있었는지, 둘째, 그 과실이 내 손해와 ‘인과관계’를 갖는지입니다.\n\n예컨대 전산 입력 실수로 잘못된 압류가 걸려 영업에 차질이 생겼다면, 그 영업손실과 압류 사이의 인과관계를 입증해야 합니다. 입증을 위해서는 공무원의 과실을 증명할 만한 공문서나 상황 녹취, 전산 기록, 그리고 인허가 과정에서의 오류 등을 확보하는 것이 중요합니다. 행정심판이나 행정소송을 통해 해당 처분이 위법하다는 결론을 먼저 받아놓으면, 그 판결문이 국가의 잘못을 뒷받침하는 강력한 증거로 작용하기도 합니다.\n\n## 실무 전략과 유의점\n\n1. 시효 확인: 국가배상청구권은 손해 및 가해자를 안 날로부터 3년, 사고가 발생한 날로부터 5년 이내에만 행사할 수 있습니다. 억울한 마음이 크더라도 시효가 지나면 구제를 받기 어렵기 때문에, 문제를 인지한 직후 변호사와 상의해 시효를 꼼꼼히 점검해야 합니다.\n2. 소액 배상은 배상심의회 활용: 손해액이 비교적 작다면 법원 소송 전 ‘배상심의회’ 제도를 통하여 간이하게 보상받을 수도 있습니다. 다만 사업적 손실처럼 규모가 크거나 복잡한 쟁점이 있으면 정식 소송을 고려해야 합니다.\n3. 불확실성 최소화: 변호사와 함께 구체적인 증거를 확보하고, 행정 착오로 인한 직접적 손해를 명확히 밝히는 것이 관건입니다. 국가가 먼저 배상한 뒤 해당 공무원에게 구상권을 청구하는 것은 국가 내부의 문제이므로, 피해자 입장에서는 국가 책임을 묻는 것에 집중하면 됩니다.\n\n## 마치며\n\n국가나 지방자치단체가 저지른 행정착오는 ‘단순한 실수’로 넘길 일이 아닙니다. 이것이 바로 국가배상청구가 존재하는 큰 이유이기도 합니다. 과실과 인과관계를 충실히 입증해나가면, 개인이 겪었던 금전적·정신적 피해에 대해 충분히 책임을 물을 수 있습니다. 국가가 무너뜨린 일상의 평온함은 되찾아야 할 여러분의 권리입니다.\n\n여러분이 포기하지 않고 타당한 법적 절차를 밟는다면, 그 길을 함께 걸으며 든든하게 지원해 드리겠습니다. 불합리한 상황에 침묵하는 대신, 국가의 실수에 대한 책임을 올곧게 요구할 수 있을 때, 제도는 한층 더 발전하게 됩니다.\n",
        "purpose": "",
        "summary": "## 들어가며\n\n어느 날 아침, 그저 평범하게 가게 문을 열려 했다가 갑작스러운 영업정지 통지서나 세금 체납 압류 문자를 받는 상황이 닥친다면 어떨까요? 한 번도 체납한 적이 없었는데, 혹은 분명히 문제 될 행동을 하지 않았는데도 국가의 행정착오로 인해 경제적·정신적 피해를 입게 되면 누구라도 분노와 억울함을 느끼게 마련입니다. 그럼에도 “공무원이 실수했다...",
        "category": "행정",
        "verified": true,
        "topic_tags": [
          "행정법"
        ],
        "view_count": 0,
        "cover_image": "/static/images/blog/blog_679cbfa4e573.png",
        "original_url": "https://blog.naver.com/jdnlaw/224161476178",
        "content_markdown": "## 들어가며\n\n어느 날 아침, 그저 평범하게 가게 문을 열려 했다가 갑작스러운 영업정지 통지서나 세금 체납 압류 문자를 받는 상황이 닥친다면 어떨까요? 한 번도 체납한 적이 없었는데, 혹은 분명히 문제 될 행동을 하지 않았는데도 국가의 행정착오로 인해 경제적·정신적 피해를 입게 되면 누구라도 분노와 억울함을 느끼게 마련입니다. 그럼에도 “공무원이 실수했다고 사과했으니, 그냥 넘어가야지” 하고 포기하는 경우가 많습니다. 하지만 국가가 잘못을 저질렀다면 그에 대한 책임을 공식적으로 물을 수 있는 길이 열려 있습니다. 바로 국가배상청구 소송입니다.\n\n\n\n![관련 삽화](/static/images/blog/blog_679cbfa4e573.png)\n\n\n\n## 변호사의 철학\n\n저는 ‘법은 국민을 보호하기 위해 존재한다’라는 신념을 갖고 있습니다. 공무원의 직무상 과실이 개인의 삶과 생계를 흔들어 놓았음에도, “어쩔 수 없었다”는 말로 넘어가는 사례를 너무도 많이 봐왔습니다. 국가가 무너뜨린 일상은, 말 한마디의 사과나 서류 한 장의 해제 처분만으로 쉽게 복구되지 않습니다. 오히려 그로 인해 신용등급이 떨어지고, 거래처와의 계약이 파기되거나 정상적인 가정생활이 어려워지는 등 2차적·3차적 피해가 걷잡을 수 없이 커지기도 합니다.\n\n그렇기에 행정착오에 대한 배상청구가 어려울 것이라 지레 겁먹고 포기하기보다는, 올바른 증거 수집과 주장을 통해 정당한 보상을 요청하실 수 있도록 도움을 드리는 것이 변호사로서 제가 추구하는 길입니다. “계란으로 바위 치기”처럼 보이더라도, 진실을 밝히고 책임을 묻는 작은 흔적들이 법과 제도를 점차 개선해 나간다고 믿습니다.\n\n## 해결 과정: 국가배상청구의 핵심\n\n국가배상청구는 국가배상법 제2조를 근거로, 공무원의 고의 또는 과실에 의해 발생한 불법행위로 손해를 입었을 때 국가나 지방자치단체를 상대로 그 손해를 배상받기 위한 제도입니다. 실제 소송 과정에서는 크게 두 가지가 쟁점이 됩니다. 첫째, 해당 공무원에게 ‘과실’이 있었는지, 둘째, 그 과실이 내 손해와 ‘인과관계’를 갖는지입니다.\n\n예컨대 전산 입력 실수로 잘못된 압류가 걸려 영업에 차질이 생겼다면, 그 영업손실과 압류 사이의 인과관계를 입증해야 합니다. 입증을 위해서는 공무원의 과실을 증명할 만한 공문서나 상황 녹취, 전산 기록, 그리고 인허가 과정에서의 오류 등을 확보하는 것이 중요합니다. 행정심판이나 행정소송을 통해 해당 처분이 위법하다는 결론을 먼저 받아놓으면, 그 판결문이 국가의 잘못을 뒷받침하는 강력한 증거로 작용하기도 합니다.\n\n## 실무 전략과 유의점\n\n1. 시효 확인: 국가배상청구권은 손해 및 가해자를 안 날로부터 3년, 사고가 발생한 날로부터 5년 이내에만 행사할 수 있습니다. 억울한 마음이 크더라도 시효가 지나면 구제를 받기 어렵기 때문에, 문제를 인지한 직후 변호사와 상의해 시효를 꼼꼼히 점검해야 합니다.\n2. 소액 배상은 배상심의회 활용: 손해액이 비교적 작다면 법원 소송 전 ‘배상심의회’ 제도를 통하여 간이하게 보상받을 수도 있습니다. 다만 사업적 손실처럼 규모가 크거나 복잡한 쟁점이 있으면 정식 소송을 고려해야 합니다.\n3. 불확실성 최소화: 변호사와 함께 구체적인 증거를 확보하고, 행정 착오로 인한 직접적 손해를 명확히 밝히는 것이 관건입니다. 국가가 먼저 배상한 뒤 해당 공무원에게 구상권을 청구하는 것은 국가 내부의 문제이므로, 피해자 입장에서는 국가 책임을 묻는 것에 집중하면 됩니다.\n\n## 마치며\n\n국가나 지방자치단체가 저지른 행정착오는 ‘단순한 실수’로 넘길 일이 아닙니다. 이것이 바로 국가배상청구가 존재하는 큰 이유이기도 합니다. 과실과 인과관계를 충실히 입증해나가면, 개인이 겪었던 금전적·정신적 피해에 대해 충분히 책임을 물을 수 있습니다. 국가가 무너뜨린 일상의 평온함은 되찾아야 할 여러분의 권리입니다.\n\n여러분이 포기하지 않고 타당한 법적 절차를 밟는다면, 그 길을 함께 걸으며 든든하게 지원해 드리겠습니다. 불합리한 상황에 침묵하는 대신, 국가의 실수에 대한 책임을 올곧게 요구할 수 있을 때, 제도는 한층 더 발전하게 됩니다.\n"
      }
    ],
    "bgRemoveStatus": "skipped",
    "cutoutImageUrl": "https://sixchyuqlzehikergqep.supabase.co/storage/v1/object/public/photos/welder49264@naver.com_asdfaf.png",
    "licenseImageUrl": "/uploads/licenses/welder49264@naver.com_license.png",
    "introduction_long": "",
    "content_highlights": "신규 등록 변호사",
    "introduction_short": ""
  }
]