[
  {
    "name": "광고책임",
    "firm": "법무법인 정의",
    "email": "contact@kangnp.com",
    "youtube_channel": "형사와 이혼의 정의",
    "subscribers": 0,
    "subscribers_display": "0",
    "tags": [
      "이혼"
    ],
    "source": "유튜브",
    "source_url": "https://youtube.com/watch?v=Liqhs9BYB2o",
    "search_keyword": "이혼 변호사",
    "id": "0efa9663b81a",
    "collected_at": "2026-02-23T16:56:49.957483"
  },
  {
    "name": "군림보",
    "firm": "",
    "email": "grb@sandbox.co.kr",
    "youtube_channel": "군림보",
    "subscribers": 0,
    "subscribers_display": "0",
    "tags": [
      "전세사기"
    ],
    "source": "유튜브",
    "source_url": "https://youtube.com/watch?v=xMfgP1en_XM",
    "search_keyword": "전세사기 변호사",
    "id": "308503afc7ff",
    "collected_at": "2026-02-23T16:56:49.957483"
  },
  {
    "name": "김광훈",
    "firm": "법무법인 동인은",
    "email": "kkh@donginlaw.co.kr",
    "youtube_channel": "법무법인 동인",
    "subscribers": 0,
    "subscribers_display": "0",
    "tags": [
      "형사"
    ],
    "source": "유튜브",
    "source_url": "https://youtube.com/watch?v=14fNKbVTZ9I",
    "search_keyword": "형사 변호사",
    "id": "9a835a9f3f9f",
    "collected_at": "2026-02-23T16:56:49.957483"
  },
  {
    "name": "조세영",
    "firm": "법무법인 로윈의",
    "email": "sycho@lawwin.kr",
    "youtube_channel": "해결사 쪼변",
    "subscribers": 0,
    "subscribers_display": "0",
    "tags": [
      "부동산"
    ],
    "source": "유튜브",
    "source_url": "https://youtube.com/watch?v=jqRCy923Nb8",
    "search_keyword": "부동산 변호사",
    "id": "ee46a71af5e3",
    "collected_at": "2026-02-23T16:56:49.957483"
  },
  {
    "name": "호주",
    "firm": "",
    "email": "info@talklawyers.com.au",
    "youtube_channel": "호주 변호사",
    "subscribers": 0,
    "subscribers_display": "0",
    "tags": [
      "부동산"
    ],
    "source": "유튜브",
    "source_url": "https://youtube.com/watch?v=ut6gRBVkvuc",
    "search_keyword": "부동산 변호사",
    "id": "a25b8f972fbb",
    "collected_at": "2026-02-23T16:56:49.957483"
  },
  {
    "name": "상속전문",
    "firm": "",
    "email": "archae@onjolaw.com",
    "youtube_channel": "채변봉투 : 상속전문변호사 채애리",
    "subscribers": 0,
    "subscribers_display": "0",
    "tags": [
      "상속"
    ],
    "source": "유튜브",
    "source_url": "https://youtube.com/watch?v=ZnwjYrkmLwE",
    "search_keyword": "상속 변호사",
    "id": "a113500707d3",
    "collected_at": "2026-02-23T16:56:49.957483"
  },
  {
    "name": "인천",
    "firm": "법률사무소 홈페이지",
    "email": "nova@novalaw.kr",
    "youtube_channel": "이돈호 변호사",
    "subscribers": 0,
    "subscribers_display": "0",
    "tags": [
      "노동"
    ],
    "source": "유튜브",
    "source_url": "https://youtube.com/watch?v=IhgzzRQY9-M",
    "search_keyword": "노동 변호사",
    "id": "6a4eab259655",
    "collected_at": "2026-02-23T16:56:49.957483"
  },
  {
    "name": "대표",
    "firm": "법무법인 베테랑의",
    "email": "lee@veteranlaw.co.kr",
    "youtube_channel": "베테랑 변호사들",
    "subscribers": 0,
    "subscribers_display": "0",
    "tags": [
      "노동"
    ],
    "source": "유튜브",
    "source_url": "https://youtube.com/watch?v=obxsHMRmo-8",
    "search_keyword": "노동 변호사",
    "id": "8b941b42d08a",
    "collected_at": "2026-02-23T16:56:49.957483"
  },
  {
    "name": "전문",
    "firm": "법무법인도아",
    "email": "doahlaw@doahlaw.com",
    "youtube_channel": "변호샤들",
    "subscribers": 0,
    "subscribers_display": "0",
    "tags": [
      "의료"
    ],
    "source": "유튜브",
    "source_url": "https://youtube.com/watch?v=9pXHQe-rw-I",
    "search_keyword": "의료사고 변호사",
    "id": "b61784a3f80e",
    "collected_at": "2026-02-23T16:56:49.957483"
  }
]